INSERT INTO holdingFolio (id, hrid, instanceId, instanceHrid, active, moddate, content) VALUES ('263a48a0-7067-4a3a-a034-8275ac46850f', '1184953', '', '969430', 1, NULL, '{"id": "263a48a0-7067-4a3a-a034-8275ac46850f", "metadata": {"createdDate": "2021-06-19T11:19:33.794", "createdByUserId": "a39e7547-6fa0-4e6f-94bb-79e9a6c0a080", "updatedDate": "2021-06-19T11:19:33.794", "updatedByUserId": "a39e7547-6fa0-4e6f-94bb-79e9a6c0a080"}, "hrid": "1184953", "holdingsTypeId": "03c9c400-b9e3-4a07-ac0e-05ab470233ed", "callNumberTypeId": "95467209-6d7b-468b-94df-0f5d7ad2747d", "permanentLocationId": "533a86fb-0451-46c6-ab6c-6e421d48de9c", "instanceId": "91637a17-b4fb-4c51-a1d9-2ee157c28d08", "receiptStatus": null, "callNumberPrefix": "", "callNumber": "HC59.7 .B16 1977", "callNumberSuffix": "", "copyNumber": "", "shelvingTitle": "", "notes": [{"note": "os=y", "holdingsNoteTypeId": "b160f13a-ddba-4053-b9c4-60ec5ea45d56", "staffOnly": true}], "discoverySuppress": false}');
INSERT INTO holdingFolio (id, hrid, instanceId, instanceHrid, active, moddate, content) VALUES ('fc2579de-91b2-4e70-8205-3cab8e04b7aa', '1184954', '', '969430', 1, NULL, '{"id": "fc2579de-91b2-4e70-8205-3cab8e04b7aa", "metadata": {"createdDate": "2021-06-19T14:50:07.275", "createdByUserId": "a39e7547-6fa0-4e6f-94bb-79e9a6c0a080", "updatedDate": "2021-06-19T14:50:07.275", "updatedByUserId": "a39e7547-6fa0-4e6f-94bb-79e9a6c0a080"}, "hrid": "1184954", "holdingsTypeId": "03c9c400-b9e3-4a07-ac0e-05ab470233ed", "callNumberTypeId": "6caca63e-5651-4db6-9247-3205156e9699", "permanentLocationId": "09815433-2339-4a23-af2e-9272ac793e27", "instanceId": "91637a17-b4fb-4c51-a1d9-2ee157c28d08", "receiptStatus": null, "callNumberPrefix": "", "callNumber": "HC59.7 .B16 1977", "callNumberSuffix": "", "copyNumber": "2", "shelvingTitle": "", "notes": [{"note": "WITHDRAWN; 05/91   ", "holdingsNoteTypeId": "b160f13a-ddba-4053-b9c4-60ec5ea45d56", "staffOnly": true}], "discoverySuppress": true}');
INSERT INTO holdingFolio (id, hrid, instanceId, instanceHrid, active, moddate, content) VALUES ('9f82a250-ebf9-4d65-b7ff-c7c145edab47', '1016218', '', '833840', 1, NULL, '{"id": "9f82a250-ebf9-4d65-b7ff-c7c145edab47", "metadata": {"createdDate": "2021-06-19T11:13:51.480", "createdByUserId": "a39e7547-6fa0-4e6f-94bb-79e9a6c0a080", "updatedDate": "2021-06-19T11:13:51.480", "updatedByUserId": "a39e7547-6fa0-4e6f-94bb-79e9a6c0a080"}, "hrid": "1016218", "holdingsTypeId": "03c9c400-b9e3-4a07-ac0e-05ab470233ed", "callNumberTypeId": "95467209-6d7b-468b-94df-0f5d7ad2747d", "permanentLocationId": "509e4237-bae6-4cfe-aab9-ce3bbe8b8440", "instanceId": "6da839bc-16f5-4cf7-aa72-35226dcfadbc", "receiptStatus": null, "callNumberPrefix": "", "callNumber": "P9 .F5 t.64", "callNumberSuffix": "", "copyNumber": "", "shelvingTitle": "", "notes": [{"note": "Bound with: Fifty Oxyrhynchus Papyri.", "holdingsNoteTypeId": "b160f13a-ddba-4053-b9c4-60ec5ea45d56", "staffOnly": false}, {"note": "31924010300469", "holdingsNoteTypeId": "09536ac5-0c9b-49d6-b31e-532b97ffff0f", "staffOnly": false}], "discoverySuppress": false}');
INSERT INTO itemFolio (id, hrid, holdingId, holdingHrid, sequence, barcode, moddate, content) VALUES ('352f3f3e-af4a-4642-a585-fdbc96e2ab8a', '9621977', '', '1016218', 1, NULL, NULL, '{"hrid": "9621977", "materialTypeId": "1a54b431-2e4f-452d-9cae-9cee66c9a892", "enumeration": "Bound with", "copyNumber": "1", "numberOfPieces": 1, "status": {"date": "2014-12-15T20:58:31Z", "name": "Available"}, "permanentLoanTypeId": "2b94c631-fca9-4892-a730-03ee529ffe27", "permanentLocationId": "509e4237-bae6-4cfe-aab9-ce3bbe8b8440", "holdingsRecordId": "9f82a250-ebf9-4d65-b7ff-c7c145edab47"}');
INSERT INTO holdingFolio (id, hrid, instanceId, instanceHrid, active, moddate, content, podCurrent) VALUES ('66fe0529-6316-4377-81ac-0d776b0c50ab', '10170557', '', '9850688', '1', NULL, '{"id": "66fe0529-6316-4377-81ac-0d776b0c50ab", "metadata": {"createdDate": "2021-06-19T14:49:49.158", "createdByUserId": "a39e7547-6fa0-4e6f-94bb-79e9a6c0a080", "updatedDate": "2021-06-19T14:49:49.158", "updatedByUserId": "a39e7547-6fa0-4e6f-94bb-79e9a6c0a080"}, "hrid": "10170557", "holdingsTypeId": "03c9c400-b9e3-4a07-ac0e-05ab470233ed", "callNumberTypeId": "6caca63e-5651-4db6-9247-3205156e9699", "permanentLocationId": "2e19230b-aeeb-4419-92cb-853611611718", "instanceId": "47922b86-e10f-41aa-95be-4083a713755c", "receiptStatus": null, "callNumberPrefix": "", "callNumber": "No call number", "callNumberSuffix": "", "copyNumber": "", "shelvingTitle": "", "discoverySuppress": true}', '0');
INSERT INTO holdingFolio (id, hrid, instanceId, instanceHrid, active, moddate, content) VALUES ('48e0a7f7-0100-4285-8327-25282dc5d1b5', '10290464', '', '9975971', '1', NULL, '{"id": "48e0a7f7-0100-4285-8327-25282dc5d1b5", "metadata": {"createdDate": "2021-06-19T11:13:48.303", "createdByUserId": "a39e7547-6fa0-4e6f-94bb-79e9a6c0a080", "updatedDate": "2021-06-19T11:13:48.303", "updatedByUserId": "a39e7547-6fa0-4e6f-94bb-79e9a6c0a080"}, "hrid": "10290464", "holdingsTypeId": "03c9c400-b9e3-4a07-ac0e-05ab470233ed", "callNumberTypeId": "6caca63e-5651-4db6-9247-3205156e9699", "permanentLocationId": "2e19230b-aeeb-4419-92cb-853611611718", "instanceId": "26e4b723-a3f5-4efd-bfe9-8619defd41b2", "receiptStatus": null, "callNumberPrefix": "", "callNumber": "", "callNumberSuffix": "", "copyNumber": "", "shelvingTitle": "", "discoverySuppress": false, "links":[{"url":"http://proxy.library.cornell.edu/login?url=http://univportal.naxosmusiclibrary.com/catalogue/item.asp?cid=ALCD-7066","description":"Available at Naxos Music Library","dbcode":"CZN","providercode":"PRVAQU"}]}');
INSERT INTO holdingFolio (id, hrid, instanceId, instanceHrid, active, moddate, content, podCurrent) VALUES ('33cc0fd6-42b8-48cb-8437-2cdca5481c36', '1513887', '', '1234567', '1', NULL, '{"id": "33cc0fd6-42b8-48cb-8437-2cdca5481c36", "metadata": {"createdDate": "2021-06-19T11:35:32.873", "createdByUserId": "a39e7547-6fa0-4e6f-94bb-79e9a6c0a080", "updatedDate": "2021-06-19T11:35:32.873", "updatedByUserId": "a39e7547-6fa0-4e6f-94bb-79e9a6c0a080"}, "hrid": "1513887", "holdingsTypeId": "03c9c400-b9e3-4a07-ac0e-05ab470233ed", "callNumberTypeId": "95467209-6d7b-468b-94df-0f5d7ad2747d", "permanentLocationId": "c8e127a3-1d59-42e6-9600-bbdffc13b373", "instanceId": "555763ba-747a-4364-8aa1-f441a75fd0fe", "receiptStatus": null, "callNumberPrefix": "", "callNumber": "LA217 .K61", "callNumberSuffix": "", "copyNumber": "", "shelvingTitle": "", "discoverySuppress": false}', '0');
INSERT INTO holdingFolio (id, hrid, instanceId, instanceHrid, active, moddate, content, podCurrent) VALUES ('9b288354-7eb9-4a34-824a-e5685d6301e2', '7801', '', '2932', '1', NULL, '{"id": "9b288354-7eb9-4a34-824a-e5685d6301e2", "metadata": {"createdDate": "2021-06-19T12:00:36.618", "createdByUserId": "a39e7547-6fa0-4e6f-94bb-79e9a6c0a080", "updatedDate": "2021-06-19T12:00:36.618", "updatedByUserId": "a39e7547-6fa0-4e6f-94bb-79e9a6c0a080"}, "hrid": "7801", "holdingsTypeId": "03c9c400-b9e3-4a07-ac0e-05ab470233ed", "callNumberTypeId": "95467209-6d7b-468b-94df-0f5d7ad2747d", "permanentLocationId": "a1e01bd8-0840-46a2-a206-83b90742e4ef", "instanceId": "e07c08cc-a4e5-4cf2-bb37-c9e0fd9bf3b5", "receiptStatus": null, "callNumberPrefix": "Oversize", "callNumber": "DS520.A873 R76", "callNumberSuffix": "+", "copyNumber": "", "shelvingTitle": "", "discoverySuppress": false}', '0');
INSERT INTO itemSequence (hrid, sequence) VALUES (2932, 124);
INSERT INTO itemFolio (id, hrid, holdingId, holdingHrid, sequence, barcode, moddate, content) VALUES ('58e0a7f7-0100-4285-8327-25282dc5d1b6', '10290464', '48e0a7f7-0100-4285-8327-25282dc5d1b5', '9975971', 1, NULL, NULL, '{"hrid": "9621977", "materialTypeId": "1a54b431-2e4f-452d-9cae-9cee66c9a892", "enumeration": "Bound with", "copyNumber": "1", "numberOfPieces": 1, "status": {"date": "2014-12-15T20:58:31Z", "name": "Available"}, "permanentLoanTypeId": "2b94c631-fca9-4892-a730-03ee529ffe27", "permanentLocationId": "509e4237-bae6-4cfe-aab9-ce3bbe8b8440", "holdingsRecordId": "9f82a250-ebf9-4d65-b7ff-c7c145edab47"}');

INSERT INTO holdingFolio (id, hrid, instanceId, instanceHrid, active, moddate, content) VALUES ('f26ba953-b4b6-486b-8113-1cffc3f3c3f8', '10368366', '55de4be9-f0d2-47e2-8b93-ae8e457377e9', '10055679', 1, '2021-06-19 11:22:20', '{"id":"f26ba953-b4b6-486b-8113-1cffc3f3c3f8","_version":1,"hrid":"10368366","holdingsTypeId":"03c9c400-b9e3-4a07-ac0e-05ab470233ed","formerIds":[],"instanceId":"55de4be9-f0d2-47e2-8b93-ae8e457377e9","permanentLocationId":"025a9b7a-afba-47ca-82dd-11f91c56e4be","electronicAccess":[],"callNumberTypeId":"95467209-6d7b-468b-94df-0f5d7ad2747d","callNumberPrefix":"","callNumber":"SF98.A5 M35 2017","callNumberSuffix":"","shelvingTitle":"","notes":[],"holdingsStatements":[],"holdingsStatementsForIndexes":[],"holdingsStatementsForSupplements":[],"copyNumber":"","discoverySuppress":false,"statisticalCodeIds":[],"holdingsItems":[],"bareHoldingsItems":[],"metadata":{"createdDate":"2021-06-19T15:22:19.706+00:00","createdByUserId":"a39e7547-6fa0-4e6f-94bb-79e9a6c0a080","updatedDate":"2021-06-19T15:22:19.706+00:00","updatedByUserId":"a39e7547-6fa0-4e6f-94bb-79e9a6c0a080"}}');
INSERT INTO itemFolio (id, hrid, holdingId, holdingHrid, sequence, barcode, moddate, content) VALUES ('9d9bcec2-18f8-4075-be5c-e4b27884db70', '10369482', 'f26ba953-b4b6-486b-8113-1cffc3f3c3f8', '10368366', NULL, '31924124605985', '2022-01-25 09:30:20', '{"id":"9d9bcec2-18f8-4075-be5c-e4b27884db70","_version":3,"hrid":"10369482","holdingsRecordId":"f26ba953-b4b6-486b-8113-1cffc3f3c3f8","formerIds":[],"barcode":"31924124605985","effectiveShelvingOrder":"SF 298 A5 M35 42017 11","effectiveCallNumberComponents":{"callNumber":"SF98.A5 M35 2017","typeId":"95467209-6d7b-468b-94df-0f5d7ad2747d"},"yearCaption":[],"copyNumber":"1","numberOfPieces":"1","notes":[],"circulationNotes":[],"status":{"name":"Available","date":"2022-01-25T14:30:19.937+00:00"},"materialTypeId":"1a54b431-2e4f-452d-9cae-9cee66c9a892","permanentLoanTypeId":"2b94c631-fca9-4892-a730-03ee529ffe27","permanentLocationId":"025a9b7a-afba-47ca-82dd-11f91c56e4be","effectiveLocationId":"025a9b7a-afba-47ca-82dd-11f91c56e4be","electronicAccess":[],"statisticalCodeIds":[],"metadata":{"createdDate":"2021-06-24T13:16:08.251+00:00","createdByUserId":"a39e7547-6fa0-4e6f-94bb-79e9a6c0a080","updatedDate":"2022-01-25T14:30:19.930+00:00","updatedByUserId":"9950edb4-03dc-4e3b-8fdf-ba1e921e7fce"},"lastCheckIn":{"dateTime":"2022-01-25T14:30:19.693+00:00","servicePointId":"872beba0-1bdf-4870-95f3-8781baddc02e","staffMemberId":"9950edb4-03dc-4e3b-8fdf-ba1e921e7fce"}}');
INSERT INTO itemSequence (hrid, sequence) VALUES (10369482, 1);

INSERT INTO holdingFolio (id, hrid, instanceId, instanceHrid, active, moddate, content) VALUES ('fdac516c-91eb-438d-b784-0b99b19769d4', '3324751', '1cbded88-05d9-460d-b930-0427e4718e1b', '2805041', 1, '2021-06-19 12:53:45', '{"id":"fdac516c-91eb-438d-b784-0b99b19769d4","_version":1,"hrid":"3324751","holdingsTypeId":"03c9c400-b9e3-4a07-ac0e-05ab470233ed","formerIds":[],"instanceId":"1cbded88-05d9-460d-b930-0427e4718e1b","permanentLocationId":"3b5652de-37be-4fa7-b08f-c5c7b74a81ae","electronicAccess":[],"callNumberTypeId":"95467209-6d7b-468b-94df-0f5d7ad2747d","callNumberPrefix":"++","callNumber":"M1503.S587 R7 1995","callNumberSuffix":"","shelvingTitle":"","notes":[{"note":"c531 m356","staffOnly":true,"holdingsNoteTypeId":"b160f13a-ddba-4053-b9c4-60ec5ea45d56"}],"holdingsStatements":[],"holdingsStatementsForIndexes":[],"holdingsStatementsForSupplements":[],"copyNumber":"","discoverySuppress":false,"statisticalCodeIds":[],"holdingsItems":[],"bareHoldingsItems":[],"metadata":{"createdDate":"2021-06-19T16:53:44.994+00:00","createdByUserId":"a39e7547-6fa0-4e6f-94bb-79e9a6c0a080","updatedDate":"2021-06-19T16:53:44.994+00:00","updatedByUserId":"a39e7547-6fa0-4e6f-94bb-79e9a6c0a080"}}');
INSERT INTO itemFolio (id, hrid, holdingId, holdingHrid, sequence, barcode, moddate, content) VALUES ('9ee1dd62-8361-4bea-967c-eafdf9ded873', '4735519', 'fdac516c-91eb-438d-b784-0b99b19769d4', '3324751', NULL, '31924080622222', '2021-06-24 07:19:05', '{"id":"9ee1dd62-8361-4bea-967c-eafdf9ded873","_version":1,"hrid":"4735519","holdingsRecordId":"fdac516c-91eb-438d-b784-0b99b19769d4","formerIds":[],"barcode":"31924080622222","effectiveShelvingOrder":"M 41503 S587 R7 41995 11","effectiveCallNumberComponents":{"callNumber":"M1503.S587 R7 1995","prefix":"++","typeId":"95467209-6d7b-468b-94df-0f5d7ad2747d"},"yearCaption":[],"copyNumber":"1","numberOfPieces":"1","notes":[],"circulationNotes":[],"status":{"name":"Available","date":"2001-06-16T12:01:51.000+00:00"},"materialTypeId":"d5dd238b-dcdb-421d-b2a7-4f004091466b","permanentLoanTypeId":"2b94c631-fca9-4892-a730-03ee529ffe27","permanentLocationId":"3b5652de-37be-4fa7-b08f-c5c7b74a81ae","effectiveLocationId":"3b5652de-37be-4fa7-b08f-c5c7b74a81ae","electronicAccess":[],"statisticalCodeIds":[],"metadata":{"createdDate":"2021-06-24T11:19:04.587+00:00","createdByUserId":"a39e7547-6fa0-4e6f-94bb-79e9a6c0a080","updatedDate":"2021-06-24T11:19:04.587+00:00","updatedByUserId":"a39e7547-6fa0-4e6f-94bb-79e9a6c0a080"}}');
INSERT INTO itemSequence (hrid, sequence) VALUES (4735519, 1);

INSERT INTO holdingFolio (id, hrid, instanceId, instanceHrid, active, moddate, content, podCurrent) VALUES ('6d16ef87-9a48-43a0-99e2-c6e533f8989a','4977210','','4442869',1,NULL,'{"id": "6d16ef87-9a48-43a0-99e2-c6e533f8989a", "metadata": {"createdDate": "2021-06-19T12:09:09.564", "createdByUserId": "a39e7547-6fa0-4e6f-94bb-79e9a6c0a080", "updatedDate": "2021-06-19T12:09:09.564", "updatedByUserId": "a39e7547-6fa0-4e6f-94bb-79e9a6c0a080"}, "hrid": "4977210", "holdingsTypeId": "03c9c400-b9e3-4a07-ac0e-05ab470233ed", "callNumberTypeId": "95467209-6d7b-468b-94df-0f5d7ad2747d", "permanentLocationId": "c8e127a3-1d59-42e6-9600-bbdffc13b373", "instanceId": "7d7cca49-d86c-425c-820e-d46b9f2ec998", "receiptStatus": null, "callNumberPrefix": "", "callNumber": "PS3554.I3 D6x 1996", "callNumberSuffix": "", "copyNumber": "", "shelvingTitle": "", "discoverySuppress": false}',0);
INSERT INTO holdingFolio (id, hrid, instanceId, instanceHrid, active, moddate, content, podCurrent) VALUES ('b4bd8edb-c69d-49ac-a98f-686248da0a2d','4977214','','4442869',1,NULL,'{"id": "b4bd8edb-c69d-49ac-a98f-686248da0a2d", "metadata": {"createdDate": "2021-06-19T12:09:09.565", "createdByUserId": "a39e7547-6fa0-4e6f-94bb-79e9a6c0a080", "updatedDate": "2021-06-19T12:09:09.565", "updatedByUserId": "a39e7547-6fa0-4e6f-94bb-79e9a6c0a080"}, "hrid": "4977214", "holdingsTypeId": "03c9c400-b9e3-4a07-ac0e-05ab470233ed", "callNumberTypeId": "95467209-6d7b-468b-94df-0f5d7ad2747d", "permanentLocationId": "5c5f7a45-e685-4d3b-b0e4-b002d7613aab", "instanceId": "7d7cca49-d86c-425c-820e-d46b9f2ec998", "receiptStatus": null, "callNumberPrefix": "", "callNumber": "PS3554.I3 D6x 1996", "callNumberSuffix": "", "copyNumber": "2", "shelvingTitle": "", "discoverySuppress": false}',0);
INSERT INTO holdingFolio (id, hrid, instanceId, instanceHrid, active, moddate, content, podCurrent) VALUES ('7f7ce911-43c8-4682-adab-e63cc64d4a24','5860317','','4442869',1,NULL,'{"id": "7f7ce911-43c8-4682-adab-e63cc64d4a24", "metadata": {"createdDate": "2021-06-19T12:16:17.680", "createdByUserId": "a39e7547-6fa0-4e6f-94bb-79e9a6c0a080", "updatedDate": "2021-06-19T12:16:17.680", "updatedByUserId": "a39e7547-6fa0-4e6f-94bb-79e9a6c0a080"}, "hrid": "5860317", "holdingsTypeId": "03c9c400-b9e3-4a07-ac0e-05ab470233ed", "callNumberTypeId": "95467209-6d7b-468b-94df-0f5d7ad2747d", "permanentLocationId": "c8e127a3-1d59-42e6-9600-bbdffc13b373", "instanceId": "7d7cca49-d86c-425c-820e-d46b9f2ec998", "receiptStatus": null, "callNumberPrefix": "", "callNumber": "PS3554.I3 D6 1996", "callNumberSuffix": "", "copyNumber": "3", "shelvingTitle": "", "notes": [{"note": "REINSTATED, 3/29/2010.", "holdingsNoteTypeId": "b160f13a-ddba-4053-b9c4-60ec5ea45d56", "staffOnly": true}], "discoverySuppress": false}',0);
INSERT INTO holdingFolio (id, hrid, instanceId, instanceHrid, active, moddate, content, podCurrent) VALUES ('9f6ce7ef-bf60-4602-aa2e-bf51129aa64e','7367226','','4442869',1,NULL,'{"id": "9f6ce7ef-bf60-4602-aa2e-bf51129aa64e", "metadata": {"createdDate": "2021-06-19T12:26:04.464", "createdByUserId": "a39e7547-6fa0-4e6f-94bb-79e9a6c0a080", "updatedDate": "2021-06-19T12:26:04.464", "updatedByUserId": "a39e7547-6fa0-4e6f-94bb-79e9a6c0a080"}, "hrid": "7367226", "holdingsTypeId": "03c9c400-b9e3-4a07-ac0e-05ab470233ed", "callNumberTypeId": "95467209-6d7b-468b-94df-0f5d7ad2747d", "permanentLocationId": "79da8df2-7bd4-422c-b23c-b17daeb49b26", "instanceId": "7d7cca49-d86c-425c-820e-d46b9f2ec998", "receiptStatus": null, "callNumberPrefix": "Rare Books", "callNumber": "PS3554.I3 D6 1996", "callNumberSuffix": "", "copyNumber": "", "shelvingTitle": "", "notes": [{"note": "Signed by Joanna Cassidy, actress in Blade Runner, the film version of the book.", "holdingsNoteTypeId": "b160f13a-ddba-4053-b9c4-60ec5ea45d56", "staffOnly": false}], "discoverySuppress": false}',0);
INSERT INTO holdingFolio (id, hrid, instanceId, instanceHrid, active, moddate, content, podCurrent) VALUES ('9a5880e8-bc83-4468-9f53-6f4e1f9b75c4','7371275','','4442869',1,NULL,'{"id": "9a5880e8-bc83-4468-9f53-6f4e1f9b75c4", "metadata": {"createdDate": "2021-06-19T12:26:06.544", "createdByUserId": "a39e7547-6fa0-4e6f-94bb-79e9a6c0a080", "updatedDate": "2021-06-19T12:26:06.544", "updatedByUserId": "a39e7547-6fa0-4e6f-94bb-79e9a6c0a080"}, "hrid": "7371275", "holdingsTypeId": "03c9c400-b9e3-4a07-ac0e-05ab470233ed", "callNumberTypeId": "95467209-6d7b-468b-94df-0f5d7ad2747d", "permanentLocationId": "c8e127a3-1d59-42e6-9600-bbdffc13b373", "instanceId": "7d7cca49-d86c-425c-820e-d46b9f2ec998", "receiptStatus": null, "callNumberPrefix": "", "callNumber": "PS3554.I3 D6 1996", "callNumberSuffix": "", "copyNumber": "", "shelvingTitle": "", "discoverySuppress": false}',0);
INSERT INTO holdingFolio (id, hrid, instanceId, instanceHrid, active, moddate, content, podCurrent) VALUES ('28edd56e-9449-4ee3-a8a5-cb96bcc9ab94','7371277','','4442869',1,NULL,'{"id": "28edd56e-9449-4ee3-a8a5-cb96bcc9ab94", "metadata": {"createdDate": "2021-06-19T12:26:06.545", "createdByUserId": "a39e7547-6fa0-4e6f-94bb-79e9a6c0a080", "updatedDate": "2021-06-19T12:26:06.545", "updatedByUserId": "a39e7547-6fa0-4e6f-94bb-79e9a6c0a080"}, "hrid": "7371277", "holdingsTypeId": "03c9c400-b9e3-4a07-ac0e-05ab470233ed", "callNumberTypeId": "95467209-6d7b-468b-94df-0f5d7ad2747d", "permanentLocationId": "c8e127a3-1d59-42e6-9600-bbdffc13b373", "instanceId": "7d7cca49-d86c-425c-820e-d46b9f2ec998", "receiptStatus": null, "callNumberPrefix": "", "callNumber": "PS3554.I3 D6 1996", "callNumberSuffix": "", "copyNumber": "2", "shelvingTitle": "", "discoverySuppress": false}',0);
INSERT INTO holdingFolio (id, hrid, instanceId, instanceHrid, active, moddate, content, podCurrent) VALUES ('0145d9a4-8c1c-4daa-ae29-5137162647ce','7371279','','4442869',1,NULL,'{"id": "0145d9a4-8c1c-4daa-ae29-5137162647ce", "metadata": {"createdDate": "2021-06-19T12:26:06.546", "createdByUserId": "a39e7547-6fa0-4e6f-94bb-79e9a6c0a080", "updatedDate": "2021-06-19T12:26:06.546", "updatedByUserId": "a39e7547-6fa0-4e6f-94bb-79e9a6c0a080"}, "hrid": "7371279", "holdingsTypeId": "03c9c400-b9e3-4a07-ac0e-05ab470233ed", "callNumberTypeId": "95467209-6d7b-468b-94df-0f5d7ad2747d", "permanentLocationId": "c8e127a3-1d59-42e6-9600-bbdffc13b373", "instanceId": "7d7cca49-d86c-425c-820e-d46b9f2ec998", "receiptStatus": null, "callNumberPrefix": "", "callNumber": "PS3554.I3 D6 1996", "callNumberSuffix": "", "copyNumber": "3", "shelvingTitle": "", "discoverySuppress": false}',0);
INSERT INTO holdingFolio (id, hrid, instanceId, instanceHrid, active, moddate, content, podCurrent) VALUES ('7f65826d-6a13-48c9-a45b-c8ca53b09816','7371281','','4442869',1,NULL,'{"id": "7f65826d-6a13-48c9-a45b-c8ca53b09816", "metadata": {"createdDate": "2021-06-19T12:26:06.547", "createdByUserId": "a39e7547-6fa0-4e6f-94bb-79e9a6c0a080", "updatedDate": "2021-06-19T12:26:06.547", "updatedByUserId": "a39e7547-6fa0-4e6f-94bb-79e9a6c0a080"}, "hrid": "7371281", "holdingsTypeId": "03c9c400-b9e3-4a07-ac0e-05ab470233ed", "callNumberTypeId": "95467209-6d7b-468b-94df-0f5d7ad2747d", "permanentLocationId": "c8e127a3-1d59-42e6-9600-bbdffc13b373", "instanceId": "7d7cca49-d86c-425c-820e-d46b9f2ec998", "receiptStatus": null, "callNumberPrefix": "", "callNumber": "PS3554.I3 D6 1996", "callNumberSuffix": "", "copyNumber": "4", "shelvingTitle": "", "discoverySuppress": false}',0);
INSERT INTO holdingFolio (id, hrid, instanceId, instanceHrid, active, moddate, content, podCurrent) VALUES ('d1bc7bdc-6c9d-4364-8da2-884fc9743d15','7371283','','4442869',1,NULL,'{"id": "d1bc7bdc-6c9d-4364-8da2-884fc9743d15", "metadata": {"createdDate": "2021-06-19T12:26:06.548", "createdByUserId": "a39e7547-6fa0-4e6f-94bb-79e9a6c0a080", "updatedDate": "2021-06-19T12:26:06.548", "updatedByUserId": "a39e7547-6fa0-4e6f-94bb-79e9a6c0a080"}, "hrid": "7371283", "holdingsTypeId": "03c9c400-b9e3-4a07-ac0e-05ab470233ed", "callNumberTypeId": "95467209-6d7b-468b-94df-0f5d7ad2747d", "permanentLocationId": "c8e127a3-1d59-42e6-9600-bbdffc13b373", "instanceId": "7d7cca49-d86c-425c-820e-d46b9f2ec998", "receiptStatus": null, "callNumberPrefix": "", "callNumber": "PS3554.I3 D6 1996", "callNumberSuffix": "", "copyNumber": "5", "shelvingTitle": "", "discoverySuppress": false}',0);
INSERT INTO holdingFolio (id, hrid, instanceId, instanceHrid, active, moddate, content, podCurrent) VALUES ('991e7208-dc9f-4569-9628-8711d685f851','7371284','','4442869',1,NULL,'{"id": "991e7208-dc9f-4569-9628-8711d685f851", "metadata": {"createdDate": "2021-06-19T12:26:06.549", "createdByUserId": "a39e7547-6fa0-4e6f-94bb-79e9a6c0a080", "updatedDate": "2021-06-19T12:26:06.549", "updatedByUserId": "a39e7547-6fa0-4e6f-94bb-79e9a6c0a080"}, "hrid": "7371284", "holdingsTypeId": "03c9c400-b9e3-4a07-ac0e-05ab470233ed", "callNumberTypeId": "95467209-6d7b-468b-94df-0f5d7ad2747d", "permanentLocationId": "c8e127a3-1d59-42e6-9600-bbdffc13b373", "instanceId": "7d7cca49-d86c-425c-820e-d46b9f2ec998", "receiptStatus": null, "callNumberPrefix": "", "callNumber": "PS3554.I3 D6 1996", "callNumberSuffix": "", "copyNumber": "6", "shelvingTitle": "", "discoverySuppress": false}',0);
INSERT INTO holdingFolio (id, hrid, instanceId, instanceHrid, active, moddate, content, podCurrent) VALUES ('5f7bb52d-9318-4046-a673-841425a543d2','7371302','','4442869',1,NULL,'{"id": "5f7bb52d-9318-4046-a673-841425a543d2", "metadata": {"createdDate": "2021-06-19T12:26:06.558", "createdByUserId": "a39e7547-6fa0-4e6f-94bb-79e9a6c0a080", "updatedDate": "2021-06-19T12:26:06.558", "updatedByUserId": "a39e7547-6fa0-4e6f-94bb-79e9a6c0a080"}, "hrid": "7371302", "holdingsTypeId": "03c9c400-b9e3-4a07-ac0e-05ab470233ed", "callNumberTypeId": "95467209-6d7b-468b-94df-0f5d7ad2747d", "permanentLocationId": "09815433-2339-4a23-af2e-9272ac793e27", "instanceId": "7d7cca49-d86c-425c-820e-d46b9f2ec998", "receiptStatus": null, "callNumberPrefix": "", "callNumber": "PS3554.I3 D6 1996", "callNumberSuffix": "", "copyNumber": "", "shelvingTitle": "", "discoverySuppress": false}',0);
INSERT INTO holdingFolio (id, hrid, instanceId, instanceHrid, active, moddate, content, podCurrent) VALUES ('17b7e2e3-25eb-4378-a3dd-3e37dbc12357','7383631','','4442869',1,NULL,'{"id": "17b7e2e3-25eb-4378-a3dd-3e37dbc12357", "metadata": {"createdDate": "2021-06-19T12:26:10.215", "createdByUserId": "a39e7547-6fa0-4e6f-94bb-79e9a6c0a080", "updatedDate": "2021-06-19T12:26:10.215", "updatedByUserId": "a39e7547-6fa0-4e6f-94bb-79e9a6c0a080"}, "hrid": "7383631", "holdingsTypeId": "03c9c400-b9e3-4a07-ac0e-05ab470233ed", "callNumberTypeId": "95467209-6d7b-468b-94df-0f5d7ad2747d", "permanentLocationId": "025a9b7a-afba-47ca-82dd-11f91c56e4be", "instanceId": "7d7cca49-d86c-425c-820e-d46b9f2ec998", "receiptStatus": null, "callNumberPrefix": "", "callNumber": "PS3554.I3 D6 1996", "callNumberSuffix": "", "copyNumber": "", "shelvingTitle": "", "discoverySuppress": false}',0);
INSERT INTO holdingFolio (id, hrid, instanceId, instanceHrid, active, moddate, content, podCurrent) VALUES ('4365ec2a-5a7f-4842-a088-97339cac5b4d','7383632','','4442869',1,NULL,'{"id": "4365ec2a-5a7f-4842-a088-97339cac5b4d", "metadata": {"createdDate": "2021-06-19T12:26:10.215", "createdByUserId": "a39e7547-6fa0-4e6f-94bb-79e9a6c0a080", "updatedDate": "2021-06-19T12:26:10.215", "updatedByUserId": "a39e7547-6fa0-4e6f-94bb-79e9a6c0a080"}, "hrid": "7383632", "holdingsTypeId": "03c9c400-b9e3-4a07-ac0e-05ab470233ed", "callNumberTypeId": "95467209-6d7b-468b-94df-0f5d7ad2747d", "permanentLocationId": "025a9b7a-afba-47ca-82dd-11f91c56e4be", "instanceId": "7d7cca49-d86c-425c-820e-d46b9f2ec998", "receiptStatus": null, "callNumberPrefix": "", "callNumber": "PS3554.I3 D6 1996", "callNumberSuffix": "", "copyNumber": "2", "shelvingTitle": "", "discoverySuppress": false}',0);
INSERT INTO holdingFolio (id, hrid, instanceId, instanceHrid, active, moddate, content, podCurrent) VALUES ('cc023f02-7d69-4ba6-b952-b28db4027093','7383752','','4442869',1,NULL,'{"id": "cc023f02-7d69-4ba6-b952-b28db4027093", "metadata": {"createdDate": "2021-06-19T12:26:10.281", "createdByUserId": "a39e7547-6fa0-4e6f-94bb-79e9a6c0a080", "updatedDate": "2021-06-19T12:26:10.281", "updatedByUserId": "a39e7547-6fa0-4e6f-94bb-79e9a6c0a080"}, "hrid": "7383752", "holdingsTypeId": "03c9c400-b9e3-4a07-ac0e-05ab470233ed", "callNumberTypeId": "95467209-6d7b-468b-94df-0f5d7ad2747d", "permanentLocationId": "025a9b7a-afba-47ca-82dd-11f91c56e4be", "instanceId": "7d7cca49-d86c-425c-820e-d46b9f2ec998", "receiptStatus": null, "callNumberPrefix": "", "callNumber": "PS3554.I3 D6 1996", "callNumberSuffix": "", "copyNumber": "3", "shelvingTitle": "", "discoverySuppress": false}',0);
INSERT INTO holdingFolio (id, hrid, instanceId, instanceHrid, active, moddate, content, podCurrent) VALUES ('2b3a7c9b-e525-4113-8947-5df5fb636f00','7383755','','4442869',1,NULL,'{"id": "2b3a7c9b-e525-4113-8947-5df5fb636f00", "metadata": {"createdDate": "2021-06-19T12:26:10.282", "createdByUserId": "a39e7547-6fa0-4e6f-94bb-79e9a6c0a080", "updatedDate": "2021-06-19T12:26:10.282", "updatedByUserId": "a39e7547-6fa0-4e6f-94bb-79e9a6c0a080"}, "hrid": "7383755", "holdingsTypeId": "03c9c400-b9e3-4a07-ac0e-05ab470233ed", "callNumberTypeId": "95467209-6d7b-468b-94df-0f5d7ad2747d", "permanentLocationId": "025a9b7a-afba-47ca-82dd-11f91c56e4be", "instanceId": "7d7cca49-d86c-425c-820e-d46b9f2ec998", "receiptStatus": null, "callNumberPrefix": "", "callNumber": "PS3554.I3 D6 1996", "callNumberSuffix": "", "copyNumber": "4", "shelvingTitle": "", "discoverySuppress": false}',0);
INSERT INTO holdingFolio (id, hrid, instanceId, instanceHrid, active, moddate, content, podCurrent) VALUES ('da989217-5518-4f54-ac19-62cdd2ef4263','7383965','','4442869',1,NULL,'{"id": "da989217-5518-4f54-ac19-62cdd2ef4263", "metadata": {"createdDate": "2021-06-19T12:26:10.399", "createdByUserId": "a39e7547-6fa0-4e6f-94bb-79e9a6c0a080", "updatedDate": "2021-06-19T12:26:10.399", "updatedByUserId": "a39e7547-6fa0-4e6f-94bb-79e9a6c0a080"}, "hrid": "7383965", "holdingsTypeId": "03c9c400-b9e3-4a07-ac0e-05ab470233ed", "callNumberTypeId": "95467209-6d7b-468b-94df-0f5d7ad2747d", "permanentLocationId": "5e11c162-6ea6-44b1-a810-1d9b479be87f", "instanceId": "7d7cca49-d86c-425c-820e-d46b9f2ec998", "receiptStatus": null, "callNumberPrefix": "", "callNumber": "PS3554.I3 D6 1996", "callNumberSuffix": "", "copyNumber": "", "shelvingTitle": "", "discoverySuppress": false}',0);
INSERT INTO holdingFolio (id, hrid, instanceId, instanceHrid, active, moddate, content, podCurrent) VALUES ('52110f99-2d61-4269-b86d-6eba85b51d58','7383966','','4442869',1,NULL,'{"id": "52110f99-2d61-4269-b86d-6eba85b51d58", "metadata": {"createdDate": "2021-06-19T12:26:10.399", "createdByUserId": "a39e7547-6fa0-4e6f-94bb-79e9a6c0a080", "updatedDate": "2021-06-19T12:26:10.399", "updatedByUserId": "a39e7547-6fa0-4e6f-94bb-79e9a6c0a080"}, "hrid": "7383966", "holdingsTypeId": "03c9c400-b9e3-4a07-ac0e-05ab470233ed", "callNumberTypeId": "95467209-6d7b-468b-94df-0f5d7ad2747d", "permanentLocationId": "5e11c162-6ea6-44b1-a810-1d9b479be87f", "instanceId": "7d7cca49-d86c-425c-820e-d46b9f2ec998", "receiptStatus": null, "callNumberPrefix": "", "callNumber": "PS3554.I3 D6 1996", "callNumberSuffix": "", "copyNumber": "2", "shelvingTitle": "", "discoverySuppress": false}',0);
INSERT INTO holdingFolio (id, hrid, instanceId, instanceHrid, active, moddate, content, podCurrent) VALUES ('d1b9238f-7d6e-4824-a7f3-19a238cfbdb6','7387210','','4442869',1,NULL,'{"id": "d1b9238f-7d6e-4824-a7f3-19a238cfbdb6", "metadata": {"createdDate": "2021-06-19T12:26:12.123", "createdByUserId": "a39e7547-6fa0-4e6f-94bb-79e9a6c0a080", "updatedDate": "2021-06-19T12:26:12.123", "updatedByUserId": "a39e7547-6fa0-4e6f-94bb-79e9a6c0a080"}, "hrid": "7387210", "holdingsTypeId": "03c9c400-b9e3-4a07-ac0e-05ab470233ed", "callNumberTypeId": "95467209-6d7b-468b-94df-0f5d7ad2747d", "permanentLocationId": "025a9b7a-afba-47ca-82dd-11f91c56e4be", "instanceId": "7d7cca49-d86c-425c-820e-d46b9f2ec998", "receiptStatus": null, "callNumberPrefix": "", "callNumber": "PS3554.I3 D6 1996", "callNumberSuffix": "", "copyNumber": "5", "shelvingTitle": "", "discoverySuppress": false}',0);
INSERT INTO holdingFolio (id, hrid, instanceId, instanceHrid, active, moddate, content, podCurrent) VALUES ('4f6e4398-18ce-446d-8017-98cabd169a7c','7391702','','4442869',1,NULL,'{"id": "4f6e4398-18ce-446d-8017-98cabd169a7c", "metadata": {"createdDate": "2021-06-19T12:26:13.419", "createdByUserId": "a39e7547-6fa0-4e6f-94bb-79e9a6c0a080", "updatedDate": "2021-06-19T12:26:13.419", "updatedByUserId": "a39e7547-6fa0-4e6f-94bb-79e9a6c0a080"}, "hrid": "7391702", "holdingsTypeId": "03c9c400-b9e3-4a07-ac0e-05ab470233ed", "callNumberTypeId": "95467209-6d7b-468b-94df-0f5d7ad2747d", "permanentLocationId": "f24cceec-77b1-4712-a8fb-50d2d5827aeb", "instanceId": "7d7cca49-d86c-425c-820e-d46b9f2ec998", "receiptStatus": null, "callNumberPrefix": "", "callNumber": "PS3554.I3 D6 1996", "callNumberSuffix": "", "copyNumber": "", "shelvingTitle": "", "discoverySuppress": false}',0);
INSERT INTO holdingFolio (id, hrid, instanceId, instanceHrid, active, moddate, content, podCurrent) VALUES ('a03665fb-1e4d-4f7e-9983-089822670488','7383225','7d7cca49-d86c-425c-820e-d46b9f2ec998','4442869',1,'2023-09-11 15:36:55','{"id":"a03665fb-1e4d-4f7e-9983-089822670488","_version":7,"hrid":"7383225","holdingsTypeId":"03c9c400-b9e3-4a07-ac0e-05ab470233ed","instanceId":"7d7cca49-d86c-425c-820e-d46b9f2ec998","permanentLocationId":"c8e127a3-1d59-42e6-9600-bbdffc13b373","effectiveLocationId":"c8e127a3-1d59-42e6-9600-bbdffc13b373","callNumberTypeId":"95467209-6d7b-468b-94df-0f5d7ad2747d","callNumber":"PS3554.I3 D6 1996","discoverySuppress":true,"metadata":{"createdDate":"2021-06-19T18:14:19.086+00:00","createdByUserId":"a39e7547-6fa0-4e6f-94bb-79e9a6c0a080","updatedDate":"2023-09-11T15:36:54.901+00:00","updatedByUserId":"7af8862d-47c9-4986-b8af-cbd03eb47c69"},"sourceId":"f32d531e-df79-46b3-8932-cdd35f7a2264"}',0);

INSERT INTO itemFolio (id, hrid, holdingId, holdingHrid, sequence, barcode, moddate, content) VALUES ('d679ae15-b20f-462d-820f-c5c25bcdd2e3','6571313','6d16ef87-9a48-43a0-99e2-c6e533f8989a','4977210',NULL,'31924095936195','2024-04-08 22:06:45','{"id":"d679ae15-b20f-462d-820f-c5c25bcdd2e3","_version":25,"hrid":"6571313","holdingsRecordId":"6d16ef87-9a48-43a0-99e2-c6e533f8989a","barcode":"31924095936195","effectiveShelvingOrder":"PS 43554 I3 D6 X 41996 11","effectiveCallNumberComponents":{"callNumber":"PS3554.I3 D6x 1996","typeId":"95467209-6d7b-468b-94df-0f5d7ad2747d"},"copyNumber":"1","numberOfPieces":"1","notes":[{"itemNoteTypeId":"8d0a5eca-25de-4391-81a9-236eeefdd20b","note":"CLMR Not Located \\r\\nMarked Missing 4/21/11  MH","staffOnly":true}],"status":{"name":"Checked out","date":"2024-04-08T22:06:44.962+00:00"},"materialTypeId":"1a54b431-2e4f-452d-9cae-9cee66c9a892","permanentLoanTypeId":"2b94c631-fca9-4892-a730-03ee529ffe27","permanentLocationId":"c8e127a3-1d59-42e6-9600-bbdffc13b373","effectiveLocationId":"c8e127a3-1d59-42e6-9600-bbdffc13b373","metadata":{"createdDate":"2021-06-24T11:57:01.389+00:00","createdByUserId":"a39e7547-6fa0-4e6f-94bb-79e9a6c0a080","updatedDate":"2024-04-08T22:06:44.958+00:00","updatedByUserId":"ba882ad4-f649-487d-93e6-77c7e41a9e4f"},"lastCheckIn":{"dateTime":"2024-04-08T16:15:15.508+00:00","servicePointId":"86932cca-3b71-4d29-b0e9-0680b1fffabf","staffMemberId":"9021b974-ca6f-48a8-a6fc-3c2eb8da737c"}}');
INSERT INTO itemFolio (id, hrid, holdingId, holdingHrid, sequence, barcode, moddate, content) VALUES ('b9c42a8d-9aef-4146-99e5-5385ccb53821','6571303','','4977214',1,'31924095936468',NULL,'{"hrid": "6571303", "materialTypeId": "1a54b431-2e4f-452d-9cae-9cee66c9a892", "barcode": "31924095936468", "copyNumber": "2", "numberOfPieces": 1, "status": {"date": "2018-01-07T13:36:00Z", "name": "Available"}, "permanentLoanTypeId": "2b94c631-fca9-4892-a730-03ee529ffe27", "permanentLocationId": "5c5f7a45-e685-4d3b-b0e4-b002d7613aab", "holdingsRecordId": "b4bd8edb-c69d-49ac-a98f-686248da0a2d"}');
INSERT INTO itemFolio (id, hrid, holdingId, holdingHrid, sequence, barcode, moddate, content) VALUES ('e4c9d9e5-0a2b-4a09-8c57-cfbb751f2f33','7267385','7f7ce911-43c8-4682-adab-e63cc64d4a24','5860317',NULL,'31924099417416','2023-05-28 15:26:11','{"id":"e4c9d9e5-0a2b-4a09-8c57-cfbb751f2f33","_version":13,"hrid":"7267385","holdingsRecordId":"7f7ce911-43c8-4682-adab-e63cc64d4a24","barcode":"31924099417416","effectiveShelvingOrder":"PS 43554 I3 D6 41996 13","effectiveCallNumberComponents":{"callNumber":"PS3554.I3 D6 1996","typeId":"95467209-6d7b-468b-94df-0f5d7ad2747d"},"copyNumber":"3","numberOfPieces":"1","status":{"name":"Available","date":"2023-05-28T15:26:10.563+00:00"},"materialTypeId":"1a54b431-2e4f-452d-9cae-9cee66c9a892","permanentLoanTypeId":"2b94c631-fca9-4892-a730-03ee529ffe27","permanentLocationId":"c8e127a3-1d59-42e6-9600-bbdffc13b373","effectiveLocationId":"c8e127a3-1d59-42e6-9600-bbdffc13b373","metadata":{"createdDate":"2021-06-24T12:12:30.780+00:00","createdByUserId":"a39e7547-6fa0-4e6f-94bb-79e9a6c0a080","updatedDate":"2023-05-28T15:26:10.561+00:00","updatedByUserId":"103505e7-10bc-496d-9e77-44a39e80b0a4"},"lastCheckIn":{"dateTime":"2023-05-28T15:26:10.343+00:00","servicePointId":"760beccd-362d-45b6-bfae-639565a877f2","staffMemberId":"103505e7-10bc-496d-9e77-44a39e80b0a4"}}');
INSERT INTO itemFolio (id, hrid, holdingId, holdingHrid, sequence, barcode, moddate, content) VALUES ('f614728c-25a5-4909-ae7b-acd8b52e6a88','8761066','','7367226',1,'31924110956939',NULL,'{"hrid": "8761066", "materialTypeId": "1a54b431-2e4f-452d-9cae-9cee66c9a892", "barcode": "31924110956939", "copyNumber": "1", "numberOfPieces": 1, "status": {"date": "2010-05-19T15:39:30Z", "name": "Available"}, "permanentLoanTypeId": "2e48e713-17f3-4c13-a9f8-23845bb210a4", "permanentLocationId": "79da8df2-7bd4-422c-b23c-b17daeb49b26", "holdingsRecordId": "9f6ce7ef-bf60-4602-aa2e-bf51129aa64e"}');
INSERT INTO itemFolio (id, hrid, holdingId, holdingHrid, sequence, barcode, moddate, content) VALUES ('e28c7bb5-0ac8-4cd9-b25a-c1859bc9de38','8764607','9a5880e8-bc83-4468-9f53-6f4e1f9b75c4','7371275',NULL,'31924111784553','2022-05-09 12:06:59','{"id":"e28c7bb5-0ac8-4cd9-b25a-c1859bc9de38","_version":8,"hrid":"8764607","holdingsRecordId":"9a5880e8-bc83-4468-9f53-6f4e1f9b75c4","barcode":"31924111784553","effectiveShelvingOrder":"PS 43554 I3 D6 41996 11","effectiveCallNumberComponents":{"callNumber":"PS3554.I3 D6 1996","typeId":"95467209-6d7b-468b-94df-0f5d7ad2747d"},"copyNumber":"1","numberOfPieces":"1","status":{"name":"Available","date":"2022-02-20T17:17:05.868+00:00"},"materialTypeId":"1a54b431-2e4f-452d-9cae-9cee66c9a892","permanentLoanTypeId":"2b94c631-fca9-4892-a730-03ee529ffe27","permanentLocationId":"c8e127a3-1d59-42e6-9600-bbdffc13b373","effectiveLocationId":"c8e127a3-1d59-42e6-9600-bbdffc13b373","metadata":{"createdDate":"2021-06-24T12:45:38.062+00:00","createdByUserId":"a39e7547-6fa0-4e6f-94bb-79e9a6c0a080","updatedDate":"2022-05-09T12:06:58.753+00:00","updatedByUserId":"d5643e1e-bdd5-4716-9545-e9989a8f674e"},"lastCheckIn":{"dateTime":"2022-05-09T12:06:58.575+00:00","servicePointId":"760beccd-362d-45b6-bfae-639565a877f2","staffMemberId":"d5643e1e-bdd5-4716-9545-e9989a8f674e"}}');
INSERT INTO itemFolio (id, hrid, holdingId, holdingHrid, sequence, barcode, moddate, content) VALUES ('f84fb585-3651-4f31-b188-9ff4a3f40eaa','8764609','28edd56e-9449-4ee3-a8a5-cb96bcc9ab94','7371277',NULL,'31924111784561','2023-11-01 15:10:15','{"id":"f84fb585-3651-4f31-b188-9ff4a3f40eaa","_version":6,"hrid":"8764609","holdingsRecordId":"28edd56e-9449-4ee3-a8a5-cb96bcc9ab94","barcode":"31924111784561","effectiveShelvingOrder":"PS 43554 I3 D6 41996 12","effectiveCallNumberComponents":{"callNumber":"PS3554.I3 D6 1996","typeId":"95467209-6d7b-468b-94df-0f5d7ad2747d"},"copyNumber":"2","numberOfPieces":"1","status":{"name":"Available","date":"2023-11-01T15:10:15.276+00:00"},"materialTypeId":"1a54b431-2e4f-452d-9cae-9cee66c9a892","permanentLoanTypeId":"2b94c631-fca9-4892-a730-03ee529ffe27","permanentLocationId":"c8e127a3-1d59-42e6-9600-bbdffc13b373","effectiveLocationId":"c8e127a3-1d59-42e6-9600-bbdffc13b373","metadata":{"createdDate":"2021-06-24T12:45:38.062+00:00","createdByUserId":"a39e7547-6fa0-4e6f-94bb-79e9a6c0a080","updatedDate":"2023-11-01T15:10:15.271+00:00","updatedByUserId":"d0050e04-884a-4fe8-980e-594133fdbfc5"},"lastCheckIn":{"dateTime":"2023-11-01T15:10:15.003+00:00","servicePointId":"760beccd-362d-45b6-bfae-639565a877f2","staffMemberId":"d0050e04-884a-4fe8-980e-594133fdbfc5"}}');
INSERT INTO itemFolio (id, hrid, holdingId, holdingHrid, sequence, barcode, moddate, content) VALUES ('d5e6676c-aefc-4624-b840-cb436b233b51','8764610','0145d9a4-8c1c-4daa-ae29-5137162647ce','7371279',NULL,'31924111784660','2022-09-02 21:15:38','{"id":"d5e6676c-aefc-4624-b840-cb436b233b51","_version":6,"hrid":"8764610","holdingsRecordId":"0145d9a4-8c1c-4daa-ae29-5137162647ce","barcode":"31924111784660","effectiveShelvingOrder":"PS 43554 I3 D6 41996 13","effectiveCallNumberComponents":{"callNumber":"PS3554.I3 D6 1996","typeId":"95467209-6d7b-468b-94df-0f5d7ad2747d"},"copyNumber":"3","numberOfPieces":"1","status":{"name":"Available","date":"2022-09-02T21:15:37.649+00:00"},"materialTypeId":"1a54b431-2e4f-452d-9cae-9cee66c9a892","permanentLoanTypeId":"2b94c631-fca9-4892-a730-03ee529ffe27","permanentLocationId":"c8e127a3-1d59-42e6-9600-bbdffc13b373","effectiveLocationId":"c8e127a3-1d59-42e6-9600-bbdffc13b373","metadata":{"createdDate":"2021-06-24T12:45:38.062+00:00","createdByUserId":"a39e7547-6fa0-4e6f-94bb-79e9a6c0a080","updatedDate":"2022-09-02T21:15:37.646+00:00","updatedByUserId":"ee307026-091e-475e-9e53-f8783515a4d6"},"lastCheckIn":{"dateTime":"2022-09-02T21:15:37.469+00:00","servicePointId":"760beccd-362d-45b6-bfae-639565a877f2","staffMemberId":"ee307026-091e-475e-9e53-f8783515a4d6"}}');
INSERT INTO itemFolio (id, hrid, holdingId, holdingHrid, sequence, barcode, moddate, content) VALUES ('1c701b06-88b0-4450-b7e8-c048a7fc425e','8764612','7f65826d-6a13-48c9-a45b-c8ca53b09816','7371281',NULL,'31924111784579','2022-07-06 01:40:33','{"id":"1c701b06-88b0-4450-b7e8-c048a7fc425e","_version":5,"hrid":"8764612","holdingsRecordId":"7f65826d-6a13-48c9-a45b-c8ca53b09816","barcode":"31924111784579","effectiveShelvingOrder":"PS 43554 I3 D6 41996 14","effectiveCallNumberComponents":{"callNumber":"PS3554.I3 D6 1996","typeId":"95467209-6d7b-468b-94df-0f5d7ad2747d"},"copyNumber":"4","numberOfPieces":"1","status":{"name":"Available","date":"2022-07-06T01:40:33.006+00:00"},"materialTypeId":"1a54b431-2e4f-452d-9cae-9cee66c9a892","permanentLoanTypeId":"2b94c631-fca9-4892-a730-03ee529ffe27","permanentLocationId":"c8e127a3-1d59-42e6-9600-bbdffc13b373","effectiveLocationId":"c8e127a3-1d59-42e6-9600-bbdffc13b373","metadata":{"createdDate":"2021-06-24T12:45:38.062+00:00","createdByUserId":"a39e7547-6fa0-4e6f-94bb-79e9a6c0a080","updatedDate":"2022-07-06T01:40:33.001+00:00","updatedByUserId":"6aa59e87-4e1d-48d0-aefc-007480a24df0"},"lastCheckIn":{"dateTime":"2022-07-06T01:40:32.757+00:00","servicePointId":"760beccd-362d-45b6-bfae-639565a877f2","staffMemberId":"6aa59e87-4e1d-48d0-aefc-007480a24df0"}}');
INSERT INTO itemFolio (id, hrid, holdingId, holdingHrid, sequence, barcode, moddate, content) VALUES ('0bc91fee-ed8f-4b14-809d-97a209c37bec','8764617','','7371283',1,'31924111784587',NULL,'{"hrid": "8764617", "materialTypeId": "1a54b431-2e4f-452d-9cae-9cee66c9a892", "barcode": "31924111784587", "copyNumber": "5", "numberOfPieces": 1, "status": {"date": "2020-09-17T10:09:42Z", "name": "Available"}, "permanentLoanTypeId": "2b94c631-fca9-4892-a730-03ee529ffe27", "permanentLocationId": "c8e127a3-1d59-42e6-9600-bbdffc13b373", "holdingsRecordId": "d1bc7bdc-6c9d-4364-8da2-884fc9743d15"}');
INSERT INTO itemFolio (id, hrid, holdingId, holdingHrid, sequence, barcode, moddate, content) VALUES ('c5d63c31-a65e-4b4c-8ecc-dab88b5b6372','8764618','','7371284',1,'31924111784595',NULL,'{"hrid": "8764618", "materialTypeId": "1a54b431-2e4f-452d-9cae-9cee66c9a892", "barcode": "31924111784595", "copyNumber": "6", "numberOfPieces": 1, "status": {"date": "2021-06-05T12:44:11Z", "name": "Available"}, "permanentLoanTypeId": "2b94c631-fca9-4892-a730-03ee529ffe27", "permanentLocationId": "c8e127a3-1d59-42e6-9600-bbdffc13b373", "holdingsRecordId": "991e7208-dc9f-4569-9628-8711d685f851"}');
INSERT INTO itemFolio (id, hrid, holdingId, holdingHrid, sequence, barcode, moddate, content) VALUES ('a4fdb1e1-4b43-4770-af24-81097b8527f6','8764637','','7371302',1,'31924111784629',NULL,'{"hrid": "8764637", "materialTypeId": "1a54b431-2e4f-452d-9cae-9cee66c9a892", "barcode": "31924111784629", "copyNumber": "1", "numberOfPieces": 1, "status": {"date": "2018-06-26T09:36:08Z", "name": "Available"}, "permanentLoanTypeId": "2b94c631-fca9-4892-a730-03ee529ffe27", "permanentLocationId": "09815433-2339-4a23-af2e-9272ac793e27", "holdingsRecordId": "5f7bb52d-9318-4046-a673-841425a543d2"}');
INSERT INTO itemFolio (id, hrid, holdingId, holdingHrid, sequence, barcode, moddate, content) VALUES ('df66cfc3-cd9a-44f2-86ff-5e0b09c5559d','8771167','17b7e2e3-25eb-4378-a3dd-3e37dbc12357','7383631',NULL,'31924111774497','2022-12-12 13:07:02','{"id":"df66cfc3-cd9a-44f2-86ff-5e0b09c5559d","_version":3,"hrid":"8771167","holdingsRecordId":"17b7e2e3-25eb-4378-a3dd-3e37dbc12357","barcode":"31924111774497","effectiveShelvingOrder":"PS 43554 I3 D6 41996 11","effectiveCallNumberComponents":{"callNumber":"PS3554.I3 D6 1996","typeId":"95467209-6d7b-468b-94df-0f5d7ad2747d"},"copyNumber":"1","numberOfPieces":"1","status":{"name":"Available","date":"2018-11-17T13:36:55.000+00:00"},"materialTypeId":"1a54b431-2e4f-452d-9cae-9cee66c9a892","permanentLoanTypeId":"2b94c631-fca9-4892-a730-03ee529ffe27","permanentLocationId":"025a9b7a-afba-47ca-82dd-11f91c56e4be","effectiveLocationId":"025a9b7a-afba-47ca-82dd-11f91c56e4be","metadata":{"createdDate":"2021-06-24T12:45:46.741+00:00","createdByUserId":"a39e7547-6fa0-4e6f-94bb-79e9a6c0a080","updatedDate":"2022-12-12T13:07:02.033+00:00","updatedByUserId":"789bf8e1-de96-4dd2-abe5-438bb271891f"},"lastCheckIn":{"dateTime":"2022-12-12T13:07:01.814+00:00","servicePointId":"872beba0-1bdf-4870-95f3-8781baddc02e","staffMemberId":"789bf8e1-de96-4dd2-abe5-438bb271891f"}}');
INSERT INTO itemFolio (id, hrid, holdingId, holdingHrid, sequence, barcode, moddate, content) VALUES ('c24912ea-83bc-4bfa-9320-2b232df1ffc8','8771170','','7383632',1,'31924111774042',NULL,'{"hrid": "8771170", "materialTypeId": "1a54b431-2e4f-452d-9cae-9cee66c9a892", "barcode": "31924111774042", "copyNumber": "2", "numberOfPieces": 1, "status": {"date": "2019-12-27T10:36:00Z", "name": "Available"}, "permanentLoanTypeId": "2b94c631-fca9-4892-a730-03ee529ffe27", "permanentLocationId": "025a9b7a-afba-47ca-82dd-11f91c56e4be", "holdingsRecordId": "4365ec2a-5a7f-4842-a088-97339cac5b4d"}');
INSERT INTO itemFolio (id, hrid, holdingId, holdingHrid, sequence, barcode, moddate, content) VALUES ('91a2ffd6-7fd1-49f2-823f-85e0f59bcaeb','8771272','','7383752',1,'31924111774091',NULL,'{"hrid": "8771272", "materialTypeId": "1a54b431-2e4f-452d-9cae-9cee66c9a892", "barcode": "31924111774091", "copyNumber": "3", "numberOfPieces": 1, "status": {"date": "2016-05-23T09:35:31Z", "name": "Available"}, "permanentLoanTypeId": "2b94c631-fca9-4892-a730-03ee529ffe27", "permanentLocationId": "025a9b7a-afba-47ca-82dd-11f91c56e4be", "holdingsRecordId": "cc023f02-7d69-4ba6-b952-b28db4027093"}');
INSERT INTO itemFolio (id, hrid, holdingId, holdingHrid, sequence, barcode, moddate, content) VALUES ('3262070d-f12e-4841-8993-16e482f547b0','8771274','','7383755',1,'31924111774083',NULL,'{"hrid": "8771274", "materialTypeId": "1a54b431-2e4f-452d-9cae-9cee66c9a892", "barcode": "31924111774083", "copyNumber": "4", "numberOfPieces": 1, "status": {"date": "2016-05-17T09:40:23Z", "name": "Available"}, "permanentLoanTypeId": "2b94c631-fca9-4892-a730-03ee529ffe27", "permanentLocationId": "025a9b7a-afba-47ca-82dd-11f91c56e4be", "holdingsRecordId": "2b3a7c9b-e525-4113-8947-5df5fb636f00"}');
INSERT INTO itemFolio (id, hrid, holdingId, holdingHrid, sequence, barcode, moddate, content) VALUES ('7db31985-80a3-4e5d-99d0-1c68cfa0b2fd','8771861','','7383965',1,'31924111773416',NULL,'{"hrid": "8771861", "materialTypeId": "1a54b431-2e4f-452d-9cae-9cee66c9a892", "barcode": "31924111773416", "copyNumber": "1", "numberOfPieces": 1, "status": {"date": "2019-01-22T10:36:50Z", "name": "Available"}, "permanentLoanTypeId": "2b94c631-fca9-4892-a730-03ee529ffe27", "permanentLocationId": "5e11c162-6ea6-44b1-a810-1d9b479be87f", "holdingsRecordId": "da989217-5518-4f54-ac19-62cdd2ef4263"}');
INSERT INTO itemFolio (id, hrid, holdingId, holdingHrid, sequence, barcode, moddate, content) VALUES ('611267be-804d-4654-8092-2838358d75fa','8771864','','7383966',1,'31924111773424',NULL,'{"hrid": "8771864", "materialTypeId": "1a54b431-2e4f-452d-9cae-9cee66c9a892", "barcode": "31924111773424", "copyNumber": "2", "numberOfPieces": 1, "status": {"date": "2016-04-14T09:40:18Z", "name": "Available"}, "permanentLoanTypeId": "2b94c631-fca9-4892-a730-03ee529ffe27", "permanentLocationId": "5e11c162-6ea6-44b1-a810-1d9b479be87f", "holdingsRecordId": "52110f99-2d61-4269-b86d-6eba85b51d58"}');
INSERT INTO itemFolio (id, hrid, holdingId, holdingHrid, sequence, barcode, moddate, content) VALUES ('6afbec63-25cd-4cb4-8c40-1c58898b26a0','8776328','','7387210',1,'31924112176114',NULL,'{"hrid": "8776328", "materialTypeId": "1a54b431-2e4f-452d-9cae-9cee66c9a892", "barcode": "31924112176114", "copyNumber": "5", "numberOfPieces": 1, "status": {"date": "2018-05-12T12:36:43Z", "name": "Available"}, "permanentLoanTypeId": "2b94c631-fca9-4892-a730-03ee529ffe27", "permanentLocationId": "025a9b7a-afba-47ca-82dd-11f91c56e4be", "holdingsRecordId": "d1b9238f-7d6e-4824-a7f3-19a238cfbdb6"}');
INSERT INTO itemFolio (id, hrid, holdingId, holdingHrid, sequence, barcode, moddate, content) VALUES ('824ba665-3979-4c7e-90cd-deefae47b8e6','8780253','','7391702',1,'31924112180058',NULL,'{"hrid": "8780253", "materialTypeId": "1a54b431-2e4f-452d-9cae-9cee66c9a892", "barcode": "31924112180058", "copyNumber": "1", "numberOfPieces": 1, "status": {"date": "2015-04-05T12:35:25Z", "name": "Available"}, "permanentLoanTypeId": "2b94c631-fca9-4892-a730-03ee529ffe27", "permanentLocationId": "f24cceec-77b1-4712-a8fb-50d2d5827aeb", "holdingsRecordId": "4f6e4398-18ce-446d-8017-98cabd169a7c"}');
INSERT INTO itemSequence (hrid, sequence) VALUES ('6571313',1);
INSERT INTO itemSequence (hrid, sequence) VALUES ('6571303',1);
INSERT INTO itemSequence (hrid, sequence) VALUES ('7267385',1);
INSERT INTO itemSequence (hrid, sequence) VALUES ('8761066',1);
INSERT INTO itemSequence (hrid, sequence) VALUES ('8764607',1);
INSERT INTO itemSequence (hrid, sequence) VALUES ('8764609',1);
INSERT INTO itemSequence (hrid, sequence) VALUES ('8764610',1);
INSERT INTO itemSequence (hrid, sequence) VALUES ('8764612',1);
INSERT INTO itemSequence (hrid, sequence) VALUES ('8764617',1);
INSERT INTO itemSequence (hrid, sequence) VALUES ('8764618',1);
INSERT INTO itemSequence (hrid, sequence) VALUES ('8764637',1);
INSERT INTO itemSequence (hrid, sequence) VALUES ('8771167',1);
INSERT INTO itemSequence (hrid, sequence) VALUES ('8771170',1);
INSERT INTO itemSequence (hrid, sequence) VALUES ('8771272',1);
INSERT INTO itemSequence (hrid, sequence) VALUES ('8771274',1);
INSERT INTO itemSequence (hrid, sequence) VALUES ('8771861',1);
INSERT INTO itemSequence (hrid, sequence) VALUES ('8771864',1);
INSERT INTO itemSequence (hrid, sequence) VALUES ('8776328',1);
INSERT INTO itemSequence (hrid, sequence) VALUES ('8780253',1);
INSERT INTO loanFolio (id, holdingId, itemHrid, moddate, content) VALUES ('abc50ec2-8151-4701-95e6-c31566f62b7a','d679ae15-b20f-462d-820f-c5c25bcdd2e3','6571313','2024-04-08 22:06:45','{"id":"abc50ec2-8151-4701-95e6-c31566f62b7a","userId":"aaaaaaaa-aaaa-aaaa-aaaa-aaaaaaaaaaaa","itemId":"d679ae15-b20f-462d-820f-c5c25bcdd2e3","itemEffectiveLocationIdAtCheckOut":"c8e127a3-1d59-42e6-9600-bbdffc13b373","status":{"name":"Open"},"loanDate":"2024-04-08T22:06:44.137Z","dueDate":"2025-04-09T03:59:59.000+00:00","action":"checkedout","itemStatus":"Checked out","loanPolicyId":"fa831826-c7bb-41cb-855f-e2a2daab3859","checkoutServicePointId":"86932cca-3b71-4d29-b0e9-0680b1fffabf","patronGroupIdAtCheckout":"3684a786-6671-4268-8ed0-9db82ebca60b","overdueFinePolicyId":"4bc9fec8-3dc3-4d06-92c4-502ebe22edf5","lostItemPolicyId":"81ba84ea-e272-44a3-9219-bf9593df1e78","metadata":{"createdDate":"2024-04-08T22:06:44.986+00:00","createdByUserId":"ba882ad4-f649-487d-93e6-77c7e41a9e4f","updatedDate":"2024-04-08T22:06:44.986+00:00","updatedByUserId":"ba882ad4-f649-487d-93e6-77c7e41a9e4f"}}');

INSERT INTO classification (low_letters, high_letters, low_numbers, high_numbers, label) VALUES ('P','PZZ',0.0,100000.0,'P - Language & Literature');
INSERT INTO classification (low_letters, high_letters, low_numbers, high_numbers, label) VALUES ('PS','PS',0.0,100000.0,'PS - Americal Literature');
INSERT INTO classification (low_letters, high_letters, low_numbers, high_numbers, label) VALUES ('PS','PS',1.0,3577.0000,'PS1-3576 - American literature');
INSERT INTO classification (low_letters, high_letters, low_numbers, high_numbers, label) VALUES ('PS','PS',700.0000,3577.0000,'PS700-3576 - Individual authors');
INSERT INTO classification (low_letters, high_letters, low_numbers, high_numbers, label) VALUES ('PS','PS',3550.0000,3577.0000,'PS3550-3576 - 1961-2000');


INSERT INTO holdingFolio (id, hrid, instanceId, instanceHrid, active, moddate, content, podCurrent) VALUES ('509a23c9-4f70-4e01-ba5d-11b8de2344f7','398886','','329763',0,'2021-10-19 01:40:19','{"id":"509a23c9-4f70-4e01-ba5d-11b8de2344f7","_version":2,"hrid":"398886","holdingsTypeId":"e6da6c98-6dd0-41bc-8b4b-cfd4bbd9c3ae","instanceId":"4fbc618e-4d12-46bf-a177-153f3143ce5f","permanentLocationId":"36acf05a-3f9c-42a7-a561-64227cfd2498","callNumberTypeId":"95467209-6d7b-468b-94df-0f5d7ad2747d","callNumber":"Q1 .N282","receiptStatus":"Not currently received","notes":[{"note":"CHECK-IN RECORD CREATED Suppl. v.421:no.6926, v.441:no.7094  WITHDRAWN (missing) 5/18/17","staffOnly":true,"holdingsNoteTypeId":"b160f13a-ddba-4053-b9c4-60ec5ea45d56"},{"note":"Subscription cancelled after 2009","staffOnly":false,"holdingsNoteTypeId":"b160f13a-ddba-4053-b9c4-60ec5ea45d56"}],"holdingsStatements":[{"statement":"v.229-470:no.5279-7335 (1971-2011)"},{"statement":"v.471:no.7336,7338-7340 (2011)"},{"statement":"v.472-501:no.7341-7468 (2011-2013)"},{"statement":"v.502:no.7469-7472 (2013)"},{"statement":"v.503-528:no.7474-7583 (2013-2015)"}],"holdingsStatementsForSupplements":[{"statement":"Human Genome Project: CD-ROM: v.409:no.6822 (2001)"}],"discoverySuppress":false,"metadata":{"createdDate":"2021-06-19T16:58:07.522+00:00","createdByUserId":"a39e7547-6fa0-4e6f-94bb-79e9a6c0a080","updatedDate":"2021-10-19T01:40:18.701+00:00","updatedByUserId":"93933f60-ca01-4170-92ad-9dbd07f9f1fb"}}',0);
INSERT INTO holdingFolio (id, hrid, instanceId, instanceHrid, active, moddate, content, podCurrent) VALUES ('90eac42a-5a77-442f-a60b-fd5cb8e0051b','1115','','329763',1,'2021-10-22 19:09:54','{"id":"90eac42a-5a77-442f-a60b-fd5cb8e0051b","_version":2,"hrid":"1115","holdingsTypeId":"e6da6c98-6dd0-41bc-8b4b-cfd4bbd9c3ae","instanceId":"4fbc618e-4d12-46bf-a177-153f3143ce5f","permanentLocationId":"8fed688b-ede9-478c-9609-407a750a2ac0","callNumberTypeId":"6caca63e-5651-4db6-9247-3205156e9699","callNumber":"No call number.","receiptStatus":"Not currently received","notes":[{"note":"Suppressed- all these items have been withdrawn.  Asking vet just in case. rmu4/18/2019 PO Approved **Vet responsible for binding (for ASTech)**  **Engineering Library has missing issues from 2005, bound,per LM**","staffOnly":true,"holdingsNoteTypeId":"b160f13a-ddba-4053-b9c4-60ec5ea45d56"},{"note":"Electronic version only starting with 2010. Print subscription cancelled after 2009.","staffOnly":false,"holdingsNoteTypeId":"b160f13a-ddba-4053-b9c4-60ec5ea45d56"}],"holdingsStatements":[{"statement":"v.398 (1999)"},{"statement":"v.410 (2001)"},{"statement":"v.414-415 (2001-2002)"},{"statement":"v.419-421 (2002-2003)"},{"statement":"v.424-426 (2003-2004)"},{"statement":"v.427:no.6974-6977 (2004)"},{"statement":"v.433:no.7021-7023, 7026-7028 (2005)"}],"holdingsStatementsForIndexes":[{"statement":"v.229/234-247/252 (1971-1974)"},{"statement":"v.403/408 (2000)"},{"statement":"v.415/420 (2002)"}],"holdingsStatementsForSupplements":[{"statement":"v.392:no.6679 (1998:Apr.30)"},{"statement":"v.398-408 (2000)"},{"statement":"Assorted Suppl. 2002-2004"}],"discoverySuppress":true,"metadata":{"createdDate":"2021-06-19T15:31:22.815+00:00","createdByUserId":"a39e7547-6fa0-4e6f-94bb-79e9a6c0a080","updatedDate":"2021-10-22T19:09:53.813+00:00","updatedByUserId":"93933f60-ca01-4170-92ad-9dbd07f9f1fb"}}',0);
INSERT INTO holdingFolio (id, hrid, instanceId, instanceHrid, active, moddate, content, podCurrent) VALUES ('523c573b-5f30-4301-ae6c-6fd8666623df','398885','','329763',1,'2021-10-19 01:40:18','{"id":"523c573b-5f30-4301-ae6c-6fd8666623df","_version":2,"hrid":"398885","holdingsTypeId":"e6da6c98-6dd0-41bc-8b4b-cfd4bbd9c3ae","instanceId":"4fbc618e-4d12-46bf-a177-153f3143ce5f","permanentLocationId":"bf9d95db-9b35-4b51-80de-99e698504a06","callNumberTypeId":"95467209-6d7b-468b-94df-0f5d7ad2747d","callNumber":"Q1 .N282","receiptStatus":"Not currently received","notes":[{"note":"CHECK-IN RECORD CREATED  ;***26202190*** ; withdrawn (deselected) 3/19/2007","staffOnly":true,"holdingsNoteTypeId":"b160f13a-ddba-4053-b9c4-60ec5ea45d56"},{"note":"Electronic version only starting with 2007. Print subscription cancelled after 2006.","staffOnly":false,"holdingsNoteTypeId":"b160f13a-ddba-4053-b9c4-60ec5ea45d56"}],"discoverySuppress":true,"metadata":{"createdDate":"2021-06-19T15:32:43.742+00:00","createdByUserId":"a39e7547-6fa0-4e6f-94bb-79e9a6c0a080","updatedDate":"2021-10-19T01:40:17.906+00:00","updatedByUserId":"93933f60-ca01-4170-92ad-9dbd07f9f1fb"}}',0);
INSERT INTO holdingFolio (id, hrid, instanceId, instanceHrid, active, moddate, content, podCurrent) VALUES ('cdec03b7-102e-40d1-9cf4-4776e48bc264','398887','','329763',1,'2021-10-19 01:40:21','{"id":"cdec03b7-102e-40d1-9cf4-4776e48bc264","_version":2,"hrid":"398887","holdingsTypeId":"e6da6c98-6dd0-41bc-8b4b-cfd4bbd9c3ae","instanceId":"4fbc618e-4d12-46bf-a177-153f3143ce5f","permanentLocationId":"f21f837e-214b-4eb9-9e40-06547c93f371","callNumberTypeId":"6caca63e-5651-4db6-9247-3205156e9699","callNumberPrefix":"Sixth Level","callNumber":"Q1 .N282","receiptStatus":"Currently received","notes":[{"note":"WITHDRAWN; 02/21/96","staffOnly":true,"holdingsNoteTypeId":"b160f13a-ddba-4053-b9c4-60ec5ea45d56"}],"discoverySuppress":true,"metadata":{"createdDate":"2021-06-19T15:32:43.742+00:00","createdByUserId":"a39e7547-6fa0-4e6f-94bb-79e9a6c0a080","updatedDate":"2021-10-19T01:40:20.950+00:00","updatedByUserId":"93933f60-ca01-4170-92ad-9dbd07f9f1fb"}}',0);
INSERT INTO holdingFolio (id, hrid, instanceId, instanceHrid, active, moddate, content, podCurrent) VALUES ('d7eb1ff3-7d2c-405d-8a0b-ac8d43bbe193','398888','','329763',1,'2021-10-19 01:40:22','{"id":"d7eb1ff3-7d2c-405d-8a0b-ac8d43bbe193","_version":2,"hrid":"398888","holdingsTypeId":"e6da6c98-6dd0-41bc-8b4b-cfd4bbd9c3ae","instanceId":"4fbc618e-4d12-46bf-a177-153f3143ce5f","permanentLocationId":"bf9d95db-9b35-4b51-80de-99e698504a06","callNumberTypeId":"6caca63e-5651-4db6-9247-3205156e9699","callNumber":"Microfiche 403","receiptStatus":"Not currently received","notes":[{"note":"m165 withdrawn (deselected) 11/17/10","staffOnly":true,"holdingsNoteTypeId":"b160f13a-ddba-4053-b9c4-60ec5ea45d56"},{"note":"Subscription cancelled after 1994","staffOnly":false,"holdingsNoteTypeId":"b160f13a-ddba-4053-b9c4-60ec5ea45d56"}],"holdingsStatements":[{"statement":"v.247-377 (1974-1995)"}],"holdingsStatementsForIndexes":[{"statement":"v.247/252-349/354 (1974-1991)"}],"discoverySuppress":true,"metadata":{"createdDate":"2021-06-19T15:32:43.742+00:00","createdByUserId":"a39e7547-6fa0-4e6f-94bb-79e9a6c0a080","updatedDate":"2021-10-19T01:40:21.625+00:00","updatedByUserId":"93933f60-ca01-4170-92ad-9dbd07f9f1fb"}}',0);
INSERT INTO holdingFolio (id, hrid, instanceId, instanceHrid, active, moddate, content, podCurrent) VALUES ('c4d0cc3e-ac38-498a-9719-f1ca311f1667','398889','','329763',1,'2021-10-19 01:42:51','{"id":"c4d0cc3e-ac38-498a-9719-f1ca311f1667","_version":2,"hrid":"398889","holdingsTypeId":"e6da6c98-6dd0-41bc-8b4b-cfd4bbd9c3ae","instanceId":"4fbc618e-4d12-46bf-a177-153f3143ce5f","permanentLocationId":"025a9b7a-afba-47ca-82dd-11f91c56e4be","callNumberTypeId":"95467209-6d7b-468b-94df-0f5d7ad2747d","callNumber":"Q1 .N29","receiptStatus":"Not currently received","notes":[{"note":"PO APPROVED   **no.7473 (2013) NA** WITHDRAWN (dup deselected) 1/30/17, ct","staffOnly":true,"holdingsNoteTypeId":"b160f13a-ddba-4053-b9c4-60ec5ea45d56"},{"note":"Recent issues located in Current Periodicals Area on 1st floor Electronic version only starting with 2016.  Print subscription cancelled after 2015.","staffOnly":false,"holdingsNoteTypeId":"b160f13a-ddba-4053-b9c4-60ec5ea45d56"}],"holdingsStatements":[{"statement":"v.229-413 (1971-2001)"},{"statement":"v.414:no.6859-6864 (2001:Nov. 1-Dec. 6)"},{"statement":"v.415-438 (2002-2005)"},{"statement":"v.439-472:no.7073-7344 (2005-2011)"},{"statement":"no.7345-7472,7474-7583 (2011-2015)"}],"holdingsStatementsForIndexes":[{"statement":"v.229/234-421/426 (1971-2003)"}],"discoverySuppress":true,"metadata":{"createdDate":"2021-06-19T15:32:43.742+00:00","createdByUserId":"a39e7547-6fa0-4e6f-94bb-79e9a6c0a080","updatedDate":"2021-10-19T01:42:50.763+00:00","updatedByUserId":"93933f60-ca01-4170-92ad-9dbd07f9f1fb"}}',0);
INSERT INTO holdingFolio (id, hrid, instanceId, instanceHrid, active, moddate, content, podCurrent) VALUES ('8825ae02-e20f-4120-8d8b-8ef3a63edd2d','398890','','329763',1,'2021-10-19 01:42:51','{"id":"8825ae02-e20f-4120-8d8b-8ef3a63edd2d","_version":2,"hrid":"398890","holdingsTypeId":"e6da6c98-6dd0-41bc-8b4b-cfd4bbd9c3ae","instanceId":"4fbc618e-4d12-46bf-a177-153f3143ce5f","permanentLocationId":"f2037fbf-bca5-4427-9375-019ed1990a4c","callNumberTypeId":"95467209-6d7b-468b-94df-0f5d7ad2747d","callNumber":"Q1 .N29","receiptStatus":"Not currently received","notes":[{"note":"v.229-413,415-461 withdrawn (deselected) 3/22/10 2000 sub.;$695.00;PO APPROVED; v.414,462 (2001,2009) withdrawn (deselected) 5/12/10","staffOnly":true,"holdingsNoteTypeId":"b160f13a-ddba-4053-b9c4-60ec5ea45d56"},{"note":"Electronic version only starting with 2010. Print subscription cancelled after 2009.","staffOnly":false,"holdingsNoteTypeId":"b160f13a-ddba-4053-b9c4-60ec5ea45d56"}],"holdingsStatements":[{"statement":"v.414 (2001)"},{"statement":"v.462 (2009)"}],"discoverySuppress":true,"metadata":{"createdDate":"2021-06-19T15:32:43.742+00:00","createdByUserId":"a39e7547-6fa0-4e6f-94bb-79e9a6c0a080","updatedDate":"2021-10-19T01:42:51.478+00:00","updatedByUserId":"93933f60-ca01-4170-92ad-9dbd07f9f1fb"}}',0);
INSERT INTO holdingFolio (id, hrid, instanceId, instanceHrid, active, moddate, content, podCurrent) VALUES ('9b6850d6-48bc-4dcd-8e0f-827ef5d3a0eb','398891','','329763',1,'2021-10-19 01:42:52','{"id":"9b6850d6-48bc-4dcd-8e0f-827ef5d3a0eb","_version":2,"hrid":"398891","holdingsTypeId":"e6da6c98-6dd0-41bc-8b4b-cfd4bbd9c3ae","instanceId":"4fbc618e-4d12-46bf-a177-153f3143ce5f","permanentLocationId":"d2f81dbd-9a39-42c9-b1dd-3cd332bc0e4e","callNumberTypeId":"6caca63e-5651-4db6-9247-3205156e9699","receiptStatus":"Currently received","notes":[{"note":"Recd at Bioch. Reading Rm.**DO NOT CHECK IN MANN COPY ON THIS RECORD**; PAYMENT RECORD ONLY PO APPROVED WITHDRAWN (DESELECTED) 07/02/03 gmk","staffOnly":true,"holdingsNoteTypeId":"b160f13a-ddba-4053-b9c4-60ec5ea45d56"}],"discoverySuppress":true,"metadata":{"createdDate":"2021-06-19T15:32:43.742+00:00","createdByUserId":"a39e7547-6fa0-4e6f-94bb-79e9a6c0a080","updatedDate":"2021-10-19T01:42:52.169+00:00","updatedByUserId":"93933f60-ca01-4170-92ad-9dbd07f9f1fb"}}',0);
INSERT INTO itemFolio (id, hrid, holdingId, holdingHrid, sequence, barcode, moddate, content) VALUES ('43855692-61e1-45b0-ab2b-a5389e0bc344','805326','','398886',1,'31924053207647',NULL,'{"hrid": "805326", "materialTypeId": "14a1925d-148e-46a6-ada3-4cbcfad810e5", "barcode": "31924053207647", "enumeration": "v.229", "chronology": "1971", "copyNumber": "1", "numberOfPieces": 1, "status": {"date": "2011-05-21T12:33:16Z", "name": "Available"}, "permanentLoanTypeId": "2b94c631-fca9-4892-a730-03ee529ffe27", "permanentLocationId": "36acf05a-3f9c-42a7-a561-64227cfd2498", "holdingsRecordId": "509a23c9-4f70-4e01-ba5d-11b8de2344f7"}')
INSERT INTO classification (low_letters, high_letters, low_numbers, high_numbers, label) VALUES ('Q','QZZ',0.0,100000.0,'Q - Science');
INSERT INTO classification (low_letters, high_letters, low_numbers, high_numbers, label) VALUES ('Q','Q',0.0,100000.0,'Q - Science (General)');
INSERT INTO classification (low_letters, high_letters, low_numbers, high_numbers, label) VALUES ('Q','Q',1.0,295.9999,'Q1-295 - General');

INSERT INTO holdingFolio (id, hrid, instanceId, instanceHrid, active, moddate, content, podCurrent) VALUES ('51051921-ce58-4660-986f-27d7d0520f4e','1766925','','1449673',1,NULL,'{"id": "51051921-ce58-4660-986f-27d7d0520f4e", "metadata": {"createdDate": "2021-06-19T11:37:45.252", "createdByUserId": "a39e7547-6fa0-4e6f-94bb-79e9a6c0a080", "updatedDate": "2021-06-19T11:37:45.252", "updatedByUserId": "a39e7547-6fa0-4e6f-94bb-79e9a6c0a080"}, "hrid": "1766925", "holdingsTypeId": "03c9c400-b9e3-4a07-ac0e-05ab470233ed", "callNumberTypeId": "95467209-6d7b-468b-94df-0f5d7ad2747d", "permanentLocationId": "79da8df2-7bd4-422c-b23c-b17daeb49b26", "instanceId": "e2187e87-c382-43b4-82b8-85253a19a3f8", "receiptStatus": null, "callNumberPrefix": "Dante", "callNumber": "Z340 .P58", "callNumberSuffix": "", "copyNumber": "", "shelvingTitle": "", "discoverySuppress": false}',0)
INSERT INTO holdingFolio (id, hrid, instanceId, instanceHrid, active, moddate, content, podCurrent) VALUES ('8825a49b-a393-44ca-9333-c11895ed61fb','1766926','','1449673',1,NULL,'{"id": "8825a49b-a393-44ca-9333-c11895ed61fb", "metadata": {"createdDate": "2021-06-19T11:37:45.253", "createdByUserId": "a39e7547-6fa0-4e6f-94bb-79e9a6c0a080", "updatedDate": "2021-06-19T11:37:45.253", "updatedByUserId": "a39e7547-6fa0-4e6f-94bb-79e9a6c0a080"}, "hrid": "1766926", "holdingsTypeId": "03c9c400-b9e3-4a07-ac0e-05ab470233ed", "callNumberTypeId": "6caca63e-5651-4db6-9247-3205156e9699", "permanentLocationId": "509e4237-bae6-4cfe-aab9-ce3bbe8b8440", "instanceId": "e2187e87-c382-43b4-82b8-85253a19a3f8", "receiptStatus": null, "notes": [{"note": "On 1 microfilm reel with other items ; 35 mm. Low reduction Microfilmed by Preservation Resources on behalf of Cornell University Library Microfilm 1998 Ithaca, NY :", "holdingsNoteTypeId": "6a41b714-8574-4084-8d64-a9373c3fbb59", "staffOnly": false}, {"note": "Filmed with: Dante Alighieri, 1265-1321. Comento della Divina commedia", "holdingsNoteTypeId": "b160f13a-ddba-4053-b9c4-60ec5ea45d56", "staffOnly": false}, {"note": "31924113346229", "holdingsNoteTypeId": "09536ac5-0c9b-49d6-b31e-532b97ffff0f", "staffOnly": false}], "callNumberPrefix": "", "callNumber": "Film 7087 reel 198 no.11", "callNumberSuffix": "", "copyNumber": "", "shelvingTitle": "", "discoverySuppress": false}',0)
INSERT INTO holdingFolio (id, hrid, instanceId, instanceHrid, active, moddate, content, podCurrent) VALUES ('d49fb00d-2250-4dd9-9fd6-2fd0b4c34ce2','1766927','','1449673',1,NULL,'{"id": "d49fb00d-2250-4dd9-9fd6-2fd0b4c34ce2", "metadata": {"createdDate": "2021-06-19T14:50:44.256", "createdByUserId": "a39e7547-6fa0-4e6f-94bb-79e9a6c0a080", "updatedDate": "2021-06-19T14:50:44.256", "updatedByUserId": "a39e7547-6fa0-4e6f-94bb-79e9a6c0a080"}, "hrid": "1766927", "holdingsTypeId": "03c9c400-b9e3-4a07-ac0e-05ab470233ed", "callNumberTypeId": "6caca63e-5651-4db6-9247-3205156e9699", "permanentLocationId": "509e4237-bae6-4cfe-aab9-ce3bbe8b8440", "instanceId": "e2187e87-c382-43b4-82b8-85253a19a3f8", "receiptStatus": null, "notes": [{"note": "1998 On 1 microfilm reel with other items : negative ; 35 mm. Low reduction Ithaca, NY : Microfilm Microfilmed by Preservation Resources on behalf of Cornell University Library", "holdingsNoteTypeId": "6a41b714-8574-4084-8d64-a9373c3fbb59", "staffOnly": false}, {"note": "Filmed with: Dante Alighieri, 1265-1321. Comento della Divina commedia Master Negative--Not for public use", "holdingsNoteTypeId": "b160f13a-ddba-4053-b9c4-60ec5ea45d56", "staffOnly": false}, {"note": "31924076340920", "holdingsNoteTypeId": "09536ac5-0c9b-49d6-b31e-532b97ffff0f", "staffOnly": false}], "callNumberPrefix": "", "callNumber": "Film N7087 reel 198 no.11", "callNumberSuffix": "", "copyNumber": "", "shelvingTitle": "", "discoverySuppress": true}',0)
INSERT INTO holdingFolio (id, hrid, instanceId, instanceHrid, active, moddate, content, podCurrent) VALUES ('c4285d47-52dd-48d9-8385-cb5f9c20384f','1766928','','1449673',1,NULL,'{"id": "c4285d47-52dd-48d9-8385-cb5f9c20384f", "metadata": {"createdDate": "2021-06-19T14:50:44.257", "createdByUserId": "a39e7547-6fa0-4e6f-94bb-79e9a6c0a080", "updatedDate": "2021-06-19T14:50:44.257", "updatedByUserId": "a39e7547-6fa0-4e6f-94bb-79e9a6c0a080"}, "hrid": "1766928", "holdingsTypeId": "03c9c400-b9e3-4a07-ac0e-05ab470233ed", "callNumberTypeId": "6caca63e-5651-4db6-9247-3205156e9699", "permanentLocationId": "8f510185-0aee-4ab5-957a-3d417052e529", "instanceId": "e2187e87-c382-43b4-82b8-85253a19a3f8", "receiptStatus": null, "notes": [{"note": "1998 On 1 microfilm reel with other items : negative ; 35 mm. Low reduction Ithaca, NY : Microfilm Microfilmed by Preservation Resources on behalf of Cornell University Library", "holdingsNoteTypeId": "6a41b714-8574-4084-8d64-a9373c3fbb59", "staffOnly": false}], "callNumberPrefix": "", "callNumber": "Vault 65 Sec.104 Drawer 6", "callNumberSuffix": "", "copyNumber": "", "shelvingTitle": "", "discoverySuppress": true}',0)


INSERT INTO holdingFolio (id, hrid, instanceId, instanceHrid, active, moddate, content, podCurrent) VALUES ('e25b468c-b3eb-4e13-9aa5-84d198ad529c','3628592','0e9447a7-995d-4af7-a25e-ef5a8b6b096d','3088531',1,'2024-02-27 04:17:54','{"id":"e25b468c-b3eb-4e13-9aa5-84d198ad529c","_version":5,"hrid":"3628592","holdingsTypeId":"03c9c400-b9e3-4a07-ac0e-05ab470233ed","instanceId":"0e9447a7-995d-4af7-a25e-ef5a8b6b096d","permanentLocationId":"083f18bf-d165-4ace-9bc9-86d95433b2d1","temporaryLocationId":"bbb8d8be-f43d-440f-a6cb-c1367a4f6ee5","effectiveLocationId":"bbb8d8be-f43d-440f-a6cb-c1367a4f6ee5","callNumberTypeId":"6caca63e-5651-4db6-9247-3205156e9699","callNumber":"Film 2600 1851-1875 Reel H-31, no. 1253","discoverySuppress":false,"metadata":{"createdDate":"2021-06-19T17:02:36.317+00:00","createdByUserId":"a39e7547-6fa0-4e6f-94bb-79e9a6c0a080","updatedDate":"2024-02-27T04:17:53.999+00:00","updatedByUserId":"7af8862d-47c9-4986-b8af-cbd03eb47c69"},"sourceId":"f32d531e-df79-46b3-8932-cdd35f7a2264"}',0)
INSERT INTO itemFolio (id, hrid, holdingId, holdingHrid, sequence, barcode, moddate, content) VALUES ('dd69f949-d013-413b-b972-bf27cfac5bd0','5076742','','3628592',1,NULL,NULL,'{"hrid": "5076742", "materialTypeId": "fd6c6515-d470-4561-9c32-3e3290d4ca98", "copyNumber": "1", "numberOfPieces": 1, "status": {"name": "Available"}, "permanentLoanTypeId": "2b94c631-fca9-4892-a730-03ee529ffe27", "permanentLocationId": "083f18bf-d165-4ace-9bc9-86d95433b2d1", "holdingsRecordId": "e25b468c-b3eb-4e13-9aa5-84d198ad529c"}')

INSERT INTO holdingFolio (id, hrid, instanceId, instanceHrid, active, moddate, content, podCurrent) VALUES ('d5fd4af7-5e4c-459a-b711-3c9851eb519c','15614344','d0f07eda-b428-4f9d-8336-542333ac5b9d','15607108',0,'2023-03-24 16:57:48','{"id":"d5fd4af7-5e4c-459a-b711-3c9851eb519c","_version":5,"hrid":"15614344","holdingsTypeId":"03c9c400-b9e3-4a07-ac0e-05ab470233ed","instanceId":"d0f07eda-b428-4f9d-8336-542333ac5b9d","permanentLocationId":"f24cceec-77b1-4712-a8fb-50d2d5827aeb","effectiveLocationId":"f24cceec-77b1-4712-a8fb-50d2d5827aeb","callNumberTypeId":"95467209-6d7b-468b-94df-0f5d7ad2747d","callNumber":"HV6770.L37 F78 2022","metadata":{"createdDate":"2023-02-17T16:33:10.164+00:00","createdByUserId":"8720f87c-1918-4658-b081-04f165689627","updatedDate":"2023-03-24T16:57:47.679+00:00","updatedByUserId":"830437fe-d81d-4ff4-be74-ec663a0e5202"},"sourceId":"f32d531e-df79-46b3-8932-cdd35f7a2264"}',0)
INSERT INTO holdingFolio (id, hrid, instanceId, instanceHrid, active, moddate, content, podCurrent) VALUES ('44b080b0-3ca1-4c10-8748-eda75718160b','15642055','d0f07eda-b428-4f9d-8336-542333ac5b9d','15607108',0,'2023-03-24 16:59:29','{"id":"44b080b0-3ca1-4c10-8748-eda75718160b","_version":3,"hrid":"15642055","holdingsTypeId":"03c9c400-b9e3-4a07-ac0e-05ab470233ed","instanceId":"d0f07eda-b428-4f9d-8336-542333ac5b9d","permanentLocationId":"f24cceec-77b1-4712-a8fb-50d2d5827aeb","effectiveLocationId":"f24cceec-77b1-4712-a8fb-50d2d5827aeb","callNumberTypeId":"95467209-6d7b-468b-94df-0f5d7ad2747d","callNumber":"HV6770.L37 F78 2021","notes":[{"note":"Coutts Shelf-ready cloth ed.","staffOnly":true,"holdingsNoteTypeId":"b160f13a-ddba-4053-b9c4-60ec5ea45d56"}],"metadata":{"createdDate":"2023-03-24T16:46:10.881+00:00","createdByUserId":"830437fe-d81d-4ff4-be74-ec663a0e5202","updatedDate":"2023-03-24T16:59:29.490+00:00","updatedByUserId":"830437fe-d81d-4ff4-be74-ec663a0e5202"},"sourceId":"f32d531e-df79-46b3-8932-cdd35f7a2264"}',0)
INSERT INTO itemFolio (id, hrid, holdingId, holdingHrid, sequence, barcode, moddate, content) VALUES ('ab76dd7a-c1b8-435b-9639-0b651ece3911','15162979','d5fd4af7-5e4c-459a-b711-3c9851eb519c','15614344',NULL,'31924129048686','2024-10-21 16:26:02','{"id":"ab76dd7a-c1b8-435b-9639-0b651ece3911","_version":20,"hrid":"15162979","holdingsRecordId":"d5fd4af7-5e4c-459a-b711-3c9851eb519c","barcode":"31924129048686","effectiveShelvingOrder":"HV 46770 L37 F78 42022","effectiveCallNumberComponents":{"callNumber":"HV6770.L37 F78 2022","typeId":"95467209-6d7b-468b-94df-0f5d7ad2747d"},"notes":[{"itemNoteTypeId":"8d0a5eca-25de-4391-81a9-236eeefdd20b","note":"pbk ed","staffOnly":true}],"status":{"name":"Available","date":"2024-10-21T16:26:02.510+00:00"},"materialTypeId":"1a54b431-2e4f-452d-9cae-9cee66c9a892","permanentLoanTypeId":"2b94c631-fca9-4892-a730-03ee529ffe27","temporaryLoanTypeId":"79b2aec0-2790-450a-930a-c37bd082653d","permanentLocationId":"09815433-2339-4a23-af2e-9272ac793e27","temporaryLocationId":"8cd03278-ab07-472a-9c07-7f75b496d371","effectiveLocationId":"8cd03278-ab07-472a-9c07-7f75b496d371","metadata":{"createdDate":"2023-02-17T16:33:32.025+00:00","createdByUserId":"8720f87c-1918-4658-b081-04f165689627","updatedDate":"2024-10-21T16:26:02.506+00:00","updatedByUserId":"164e2c2d-ca8a-4c53-a39e-346d6cf05e69"},"lastCheckIn":{"dateTime":"2024-10-21T16:26:02.197+00:00","servicePointId":"f4b8e9e3-831b-44eb-aafe-20f583c555a1","staffMemberId":"164e2c2d-ca8a-4c53-a39e-346d6cf05e69"}}')
INSERT INTO itemFolio (id, hrid, holdingId, holdingHrid, sequence, barcode, moddate, content) VALUES ('a5936070-8a0e-46f5-a054-e810514580eb','15176494','44b080b0-3ca1-4c10-8748-eda75718160b','15642055',NULL,'31924130136850','2024-12-12 18:22:38','{"id":"a5936070-8a0e-46f5-a054-e810514580eb","_version":14,"hrid":"15176494","holdingsRecordId":"44b080b0-3ca1-4c10-8748-eda75718160b","barcode":"31924130136850","effectiveShelvingOrder":"HV 46770 L37 F78 42021","effectiveCallNumberComponents":{"callNumber":"HV6770.L37 F78 2021","typeId":"95467209-6d7b-468b-94df-0f5d7ad2747d"},"status":{"name":"Available","date":"2024-12-12T18:22:38.836+00:00"},"materialTypeId":"1a54b431-2e4f-452d-9cae-9cee66c9a892","permanentLoanTypeId":"2b94c631-fca9-4892-a730-03ee529ffe27","temporaryLoanTypeId":"79b2aec0-2790-450a-930a-c37bd082653d","permanentLocationId":"09815433-2339-4a23-af2e-9272ac793e27","temporaryLocationId":"8cd03278-ab07-472a-9c07-7f75b496d371","effectiveLocationId":"8cd03278-ab07-472a-9c07-7f75b496d371","metadata":{"createdDate":"2023-03-24T17:00:45.201+00:00","createdByUserId":"830437fe-d81d-4ff4-be74-ec663a0e5202","updatedDate":"2024-12-12T18:22:38.831+00:00","updatedByUserId":"dc1b06bc-209d-48ad-bf47-1557ff33cb36"},"lastCheckIn":{"dateTime":"2024-12-12T18:22:38.447+00:00","servicePointId":"f4b8e9e3-831b-44eb-aafe-20f583c555a1","staffMemberId":"dc1b06bc-209d-48ad-bf47-1557ff33cb36"}}')

